RF,LR,SVR,DT,RG,GP,ADA,BAG,EXT
274,194.8535553,228.9,274,289.4295548,0,313.9351382,297.685,305.1205
330,194.8879272,228.9,400,291.7791178,0,319.3069444,307.1368421,311.7488333
